"","ErroRate","Precision","recall","F1"
"1",0.00363636363636366,0.993865030674847,1,0.996923076923077
