"","ErroRate","Precision","recall","F1"
"1",0.00363636363636366,1,0.99390243902439,0.996941896024465
