"","Inf","Sup"
"1",0.127074024121643,0.182884274460508
"2",0.839258516867753,0.925923536675022
"3",0.810588160264749,0.870005011057431
"4",0.830315308134874,0.889580945181047
