"","ErroRate","Precision","recall","F1"
"1",0.0275229357798165,0.945454545454545,1,0.97196261682243
