"","Inf","Sup"
"1",0.0176250097945829,0.0371039309894037
"2",0.945429714287516,0.977554244520429
"3",0.97878189223072,0.998088274639447
"4",0.965791328901569,0.983401124301256
