"","Inf","Sup"
"1",0.133465800831944,0.189103006507506
"2",0.842694482302113,0.91201664649983
"3",0.80007517326714,0.868835015465888
"4",0.826355313954073,0.882653675876777
