"","ErroRate","Precision","recall","F1"
"1",0.0145454545454545,0.98159509202454,0.993788819875776,0.987654320987654
