"","ErroRate","Precision","recall","F1"
"1",0.0727272727272728,0.877300613496933,1,0.934640522875817
