"","ErroRate","Precision","recall","F1"
"1",0.189090909090909,0.895705521472393,0.806629834254144,0.848837209302326
