"","Inf","Sup"
"1",0.00522911511070813,0.0148209265907096
"2",0.985158438608363,0.997962108071363
"3",0.981665848200284,0.99825999098785
"4",0.986340422579971,0.995053535462811
