"","Inf","Sup"
"1",-0.000923826863997819,0.00456019050036143
"2",0.991967701091099,1.00162861038431
"3",1,1
"4",0.995951410273617,1.00082089401479
