"","ErroRate","Precision","recall","F1"
"1",0.134545454545455,0.914110429447853,0.866279069767442,0.88955223880597
