"","Inf","Sup"
"1",0.177238760904694,0.236522706985214
"2",0.843080030163731,0.9163832132358
"3",0.738201478714622,0.807402776352918
"4",0.793229482735176,0.85053466923659
