"","ErroRate","Precision","recall","F1"
"1",0.0509090909090909,0.926380368098159,0.986928104575163,0.955696202531646
