"","Inf","Sup"
"1",0.194124216666783,0.265241921781925
"2",0.859798938612397,0.916428555739425
"3",0.707677564033673,0.778010654539313
"4",0.779877716785735,0.836859211922462
