"","Inf","Sup"
"1",0.134235840265924,0.188433050476362
"2",0.835068393042425,0.915461577075412
"3",0.802417158498882,0.867496546640188
"4",0.824239460577129,0.882893130931293
