"","ErroRate","Precision","recall","F1"
"1",0.04,0.950920245398773,0.981012658227848,0.965732087227414
