"","ErroRate","Precision","recall","F1"
"1",0.00727272727272732,0.922535211267606,0.993377483443709,0.993377483443709
