"","ErroRate","Precision","recall","F1"
"1",0.0181818181818182,0.975460122699387,0.99375,0.984520123839009
