"","ErroRate","Precision","recall","F1"
"1",0.00727272727272732,1,0.987878787878788,0.99390243902439
