"","ErroRate","Precision","recall","F1"
"1",0.0109090909090909,0.994117647058824,0.988304093567251,0.991202346041056
