"","ErroRate","Precision","recall","F1"
"1",0.149090909090909,0.895705521472393,0.858823529411765,0.876876876876877
