"","ErroRate","Precision","recall","F1"
"1",0.0290909090909091,0.975460122699387,0.975460122699387,0.975460122699387
