"","ErroRate","Precision","recall","F1"
"1",0.189090909090909,0.922535211267606,0.803680981595092,0.834394904458599
