"","ErroRate","Precision","recall","F1"
"1",0.145454545454546,0.901840490797546,0.859649122807018,0.880239520958084
