"","ErroRate","Precision","recall","F1"
"1",0.0145454545454545,0.987730061349693,0.987730061349693,0.987730061349693
