"","ErroRate","Precision","recall","F1"
"1",0.0174927113702624,0.977690288713911,0.990691489361702,0.984147952443857
